HANDSET_NAME,HANDSET_BRAND
Ace Group G005,Ace
Ace Group YXTEL G929,Ace
Acer beTouch E130,Acer
Acer E700 Liquid,Acer
Acer Iconia Tab A1-811,Acer
Acer Iconia Tab A3,Acer
Acer Liquid S2 S520,Acer
Acer Z200 Liquid,Acer
Acer Z3,Acer
Acer Z500,Acer
Acer Z520,Acer
AFCOM W1,AFCOM
AG-TEL Mex Technology K-70,AG
Aikun (China) Electronics AT774GS,Aikun
Alcatel 1011D,Alcatel
Alcatel 2001X,Alcatel
Alcatel 7040T,Alcatel
Alcatel One Touch 1035D,Alcatel
Alcatel One Touch 119,Alcatel
Alcatel One Touch 132,Alcatel
Alcatel One Touch 217,Alcatel
Alcatel One Touch 255,Alcatel
Alcatel One Touch 255D,Alcatel
Alcatel One Touch 308,Alcatel
Alcatel One Touch 4007D Pixi,Alcatel
Alcatel One Touch 4010D T'Pop,Alcatel
Alcatel One Touch 4013D Pixi 3(4),Alcatel
Alcatel One Touch 4015D Pop C1,Alcatel
Alcatel One Touch 4015N Pop C1,Alcatel
Alcatel One Touch 4016D Pop C1,Alcatel
Alcatel One Touch 4018D Pop D1,Alcatel
Alcatel One Touch 4022D Pixi 3(3.5),Alcatel
Alcatel One Touch 4030D S'Pop,Alcatel
Alcatel One Touch 4032D Pop C2,Alcatel
Alcatel One Touch 4033D Pop C3,Alcatel
Alcatel One Touch 4035D Pop D3,Alcatel
Alcatel One Touch 5020X M'Pop,Alcatel
Alcatel One Touch 5035D X'Pop,Alcatel
Alcatel One Touch 5036A Pop C5,Alcatel
Alcatel One Touch 5036D Pop C5,Alcatel
Alcatel One Touch 506D,Alcatel
Alcatel One Touch 6010D,Alcatel
Alcatel One Touch 6010X,Alcatel
Alcatel One Touch 6012D Idol Mini,Alcatel
Alcatel One Touch 6016X Idol 2 Mini,Alcatel
Alcatel One Touch 6032 Idol Alpha,Alcatel
Alcatel One Touch 6033X,Alcatel
Alcatel One Touch 6034R Idol S,Alcatel
Alcatel One Touch 6037Y Idol 2,Alcatel
Alcatel One Touch 6040D,Alcatel
Alcatel One Touch 6043D Idol X+,Alcatel
Alcatel One Touch 605X,Alcatel
Alcatel One Touch 7025X Snap,Alcatel
Alcatel One Touch 7040D Pop C7,Alcatel
Alcatel One Touch 7041D Pop C7,Alcatel
Alcatel One Touch 7041X Pop C7,Alcatel
Alcatel One Touch 7045Y Pop S7,Alcatel
Alcatel One Touch 7047D Pop C9,Alcatel
Alcatel One Touch 8000D,Alcatel
Alcatel One Touch 8008D,Alcatel
Alcatel One Touch 8020D Hero,Alcatel
Alcatel One Touch 808G,Alcatel
Alcatel One Touch 813D,Alcatel
Alcatel One Touch 890D,Alcatel
Alcatel One Touch 903D,Alcatel
Alcatel One Touch 903X,Alcatel
Alcatel One Touch 918,Alcatel
Alcatel One Touch 985,Alcatel
Alcatel One Touch 985D,Alcatel
Alcatel One Touch 991,Alcatel
Alcatel One Touch 991D,Alcatel
Alcatel One Touch 992D,Alcatel
Alcatel One Touch 993 Smart,Alcatel
Alcatel One Touch 995,Alcatel
Alcatel One Touch 997D,Alcatel
Alcatel One Touch E201,Alcatel
Alcatel One Touch I216X Pixi 7,Alcatel
Alcatel One Touch Idol,Alcatel
Alcatel One Touch Idol 3 (5.5),Alcatel
Alcatel One Touch M600Q,Alcatel
Alcatel One Touch Pixi 3(4),Alcatel
Alcatel One Touch Pixi 3(4.5),Alcatel
Alcatel One Touch Pixi 3(7) 3G,Alcatel
Alcatel One Touch X231S,Alcatel
Alcatel One Touch Y580D,Alcatel
Alcatel VM800,Alcatel
"Alsafy Import & Export CC2 ,CC4, CC6, CC1",Alsafy
"Alsafy Import & Export T1, T2, T3, T7",Alsafy
"Alsafy Import & Export T7, T11, T12, T13",Alsafy
Amazon Fire Phone,Amazon
Apple iPad,Apple
Apple iPad 2,Apple
Apple iPad Air,Apple
Apple iPad Air 2,Apple
Apple iPad Air 2 WiFi+Cellular,Apple
Apple iPad mini,Apple
Apple iPad Mini,Apple
Apple iPad mini 3,Apple
Apple iPad Mini with Retina Display WiFi+Cellular,Apple
Apple iPad Pro,Apple
Apple iPad with Retina display (4th generation),Apple
Apple iPhone,Apple
Apple iPhone 3G,Apple
Apple iPhone 3GS,Apple
Apple iPhone 4,Apple
Apple iPhone 4S,Apple
Apple iPhone 4S CDMA,Apple
Apple iPhone 5,Apple
Apple iPhone 5 CDMA,Apple
Apple iPhone 5C,Apple
Apple iPhone 5C CDMA,Apple
Apple iPhone 5S,Apple
Apple iPhone 5S CDMA,Apple
Apple iPhone 6,Apple
Apple iPhone 6 Plus,Apple
Apple iPhone 6S,Apple
Apple iPhone 6S CDMA,Apple
Apple iPhone 6S Plus,Apple
Apple The new iPad,Apple
Arabmpany Formputer Manufacturing M7003Q,Arabmpany
ARCHOS 40d Titanium,ARCHOS
ARCHOS 45 Neon,ARCHOS
ARCHOS 50 Helium +,ARCHOS
ARCHOS 50c Helium 4G,ARCHOS
ARCHOS 50c Oxygen,ARCHOS
ARCHOS 59 Xenon,ARCHOS
ARCHOS 80b Xenon,ARCHOS
ARCHOS 96 Xenon,ARCHOS
"Archos AC40bTI, AC40TI, AC35BTI, AC40CE, Qilive 40",Archos
"Archos AC50TI, Qilive 50, AC50NE, AC50bOX, AC40CTI",Archos
"Archos Ac7 xeno, AC70XE, AC79XE",Archos
Archos Archos 50c Platinum (AC50CPL),Archos
Archos Archos 50e Helium (AC50EHE),Archos
Archos Archos 70c Xenon (AC70CXE),Archos
Archos Archos 80c Xenon (AC80CXE),Archos
ARCHOS F18,ARCHOS
"Asian-Star Technology A343,A301,A2202,G007",Asian
Asian-Star Technology C7,Asian
"Asian-Star Technology C801,C802,C805,C806",Asian
"Asian-Star Technology K002,K005,K006,K008",Asian
"Asion-Star Technology (Hong Kong) International G6,G7,G9,G10",Asion
"Asion-Star Technology (Hong Kong) International M901,M902,M708,M709",Asion
Assure Technology X500,Assure
Assure Technology X509,Assure
Assure Technology X510,Assure
Assure Technology X551,Assure
Assure Technology X552,Assure
Assure Technology X570,Assure
Assure Technology X600,Assure
Assure Technology Z5000,Assure
Asus A501CG ZenFone 5,Asus
Asus A601CG Zenfone 6,Asus
Asus ASUS_Z007,Asus
Asus ASUS_Z00A,Asus
Asus ASUS_Z00ADA,Asus
Asus ASUS_Z00EDF,Asus
Asus ASUS_Z00TD,Asus
Asus ASUS_Z00UD,Asus
Asus Fonepad 7,Asus
Asus Fonepad 7 Dual SIM,Asus
Asus Fonepad 7 Dual SIM FE375CG,Asus
Asus Fonepad 7 FE7010CG,Asus
Asus Fonepad 7 LTE ME372CL K00Y,Asus
Asus Fonepad 8,Asus
Asus K00E,Asus
Asus K00Z,Asus
Asus K012,Asus
Asus ME371MG,Asus
Asus ME571KL,Asus
Asus P001,Asus
Asus P024,Asus
Asus PadFone S,Asus
Asus ZC451CG Z007 ZenFone 4.5,Asus
Asus ZE551ML,Asus
Asus ZenFone 2,Asus
Asus Zenfone 2 Laser,Asus
Asus Zenfone Go,Asus
Asus Zenfone Selfie,Asus
Bandrich  M305 LC,Bandrich
BandRich C120,BandRich
"BDL Gulf FZCO Q-Wave61S, Q-Wave61C, Q-Wave71MS, Q-Wave71MBG, Q-Wave71MC",BDL
Beijing Shenqi Technology Z1221,Beijing
"Beijing Tianyu Communication Equipment K-Touch Kis 5w,K-Touch Kis 7w",Beijing
BenQ A38,BenQ
BenQ M63,BenQ
"Berry for Import, Export &mmercial Agencies B01,B02,B03,B04,B05",Berry
"Berry for Import, Export &mmercial Agencies P01,P02,P03,P04,P05",Berry
"Berry for Import, Export &mmercial Agencies P11,P12,P13,P14,B06",Berry
"Berry for Import, Export &mmercial Agencies P15,P16,P17,P18,P19",Berry
"Berry for Import, Export &mmercial Agencies S1,S2,S3,S4,S5",Berry
"Beryl-Tech Import and Export K225,K230,K800,K900,K6700",Beryl
"Beryl-Tech Import and Export T1, T2, T3, T4, K35",Beryl
"Beryl-Tech Import and Export T950,T9595,T9000,T500,T3812",Beryl
"Beryl-Tech Import and Export X-music I,X-music II,X-music III, IRON I,IRON VII",Beryl
"Beryl-Tech Import and Export X200,K200,K206,K215,K220",Beryl
BlackBerry 8220,BlackBerry
BlackBerry 8300,BlackBerry
BlackBerry 8700g,BlackBerry
BlackBerry 8707g,BlackBerry
BlackBerry 8900,BlackBerry
BlackBerry 9780,BlackBerry
BlackBerry Bold 9700,BlackBerry
BlackBerry Bold 9720,BlackBerry
BlackBerry Bold 9790,BlackBerry
BlackBerry Bold Touch 9900,BlackBerry
BlackBerry Curve 8320,BlackBerry
BlackBerry Curve 8520,BlackBerry
BlackBerry Curve 9220,BlackBerry
BlackBerry Curve 9300,BlackBerry
BlackBerry Curve 9320,BlackBerry
BlackBerry Curve 9360,BlackBerry
BlackBerry Curve 9380,BlackBerry
BlackBerry KOPI,BlackBerry
BlackBerry Passport,BlackBerry
BlackBerry Pearl 3G 9105,BlackBerry
BlackBerry Porsche Design P9981,BlackBerry
BlackBerry Porsche Design P9983 (SQK100-1),BlackBerry
BlackBerry Priv,BlackBerry
BlackBerry Q10,BlackBerry
BlackBerry Q5,BlackBerry
BlackBerry Storm2 9520,BlackBerry
BlackBerry TEST IMEI,BlackBerry
BlackBerry Torch 9800,BlackBerry
BlackBerry Torch 9810,BlackBerry
BlackBerry Torch 9860,BlackBerry
BlackBerry Z10,BlackBerry
BlackBerry Z10 LTE,BlackBerry
BlackBerry Z3,BlackBerry
BlackBerry Z30,BlackBerry
Blackbird I300,Blackbird
Blackview JK808,Blackview
Blu Click3,Blu
BLU D272 Dash Music 4.0,BLU
BLU D470 Dash 5.5,BLU
BLU D650 Studio 6.0 HD,BLU
BLU Dash 5.0+,BLU
BLU Studio 5.0 C,BLU
BLU Win HD LTE,BLU
"Bopel International C1,C2,C3,C4,C5",Bopel
"Bopel International C6,C7,C8,C9,C10",Bopel
"Bopel International i002, i003, i004, i005",Bopel
BYD Delta S600,BYD
Casper Bilgisayar Sistemleri Via Tab,Casper
CEC G3200,CEC
CEC i658,CEC
Changhong YAKOYA K10,Changhong
Cinterion BGS2-W,Cinterion
Cinterion MC35i,Cinterion
Cinterion MC52i,Cinterion
Cinterion MC55i,Cinterion
Cinterion MC75i,Cinterion
Cinterion PH8,Cinterion
Cinterion PHS8,Cinterion
Cinterion TC63i,Cinterion
Cinterion TC65,Cinterion
Cinterion TC65i,Cinterion
Cisco CISCO 74-7883,Cisco
Cisco HWIC-3G-GSM,Cisco
Cisco Mc7304,Cisco
CK Telecom M1,CK
CLC Hong Kong Z512,CLC
"Cntone (Hong Kong) Technology C5,C6,C30,C40,C50",Cntone
"Cntone (Hong Kong) Technology H13,F500,C8,C9,C10",Cntone
"Cntone (Hong Kong) Technology N2,N3,N4,N5,C20",Cntone
Compal B15Q,Compal
Compal CAT B15,Compal
Concox Information Technology GT06,Concox
Coolpad 5213,Coolpad
Coolpad Coolpad 7295+,Coolpad
CRT MCR39,CRT
CTia STUDIO C,CTia
CTia STUDIO ENERGY 2,CTia
CTia STUDIO X,CTia
D-Link 3GMobileRouter,D
D-Link DWR-530 Mobile Hotspot,D
D-Link DWR-923,D
D-Link HSUPAUSBAdapter,D
DDM Brands A35EI,DDM
DDM Brands A5EI,DDM
DDM Brands A5TJQ047,DDM
DDM Brands CM21AB003,DDM
Dell BYD F0,Dell
Do Smile,Do
DOOGEE Pixels DG350,DOOGEE
DOOGEE VOYAGER2,DOOGEE
Dowee Mobile Technology DW D302,Dowee
Elitek  ZL9298,Elitek
"Elmhwar for Import and Export M950,M9595,M9000,M500,M3812",Elmhwar
"Elnilempany for Import and Export D6,K2,K8",Elnilempany
"Elnilempany for Import and Export G30,G40,G50,G60,G70",Elnilempany
"Elnilempany for Import and Export L7,L1,D12,D16",Elnilempany
"Elnilempany for Import and Export M39,M42,M65,L2",Elnilempany
"Elnilempany for Import and Export N3,N5,N9,W20,W90",Elnilempany
"Elnilempany for Import and Export Z4,Z11,Z50",Elnilempany
"Elsols i3, i4, i5, i6, i7",Elsols
Emitac Mobile Solutions be b.smart,Emitac
Enfora GSM0114,Enfora
Enfora HealthPAL,Enfora
Ertebat Hamrah GLX H3,Ertebat
Etel V2,Etel
Eurostar Communications ePadGenie-ET7183G-B13,Eurostar
Eurostar Communications ET7183GQ-B15,Eurostar
FAKE FAKE,FAKE
Fibocom Wireless G510,Fibocom
Fibocom Wireless G600,Fibocom
Fibocom Wireless G610,Fibocom
Fibocom Wireless H350,Fibocom
Fly Mobiles IQ4507 Dune 3,Fly
Fly Mobiles IQ4508 Dune 4,Fly
Fly Mobiles IQ4516 Blade,Fly
Foto Express Egypt Eco G706,Foto
Foto Express Egypt IFoo S50,Foto
Foto Express Egypt IFoo T55,Foto
Four S40,Four
FOXDA GF8801,FOXDA
G'BEST G-BEST G71,G
G'Five Panther V9,G
G'Five W1,G
G-mobile  S1,G
G-tide E20,G
G-tide E3,G
G-TiDE E31,G
G-tide E52,G
G-TiDE E72,G
G-TiDE E9i,G
G-TiDE G005,G
G-tide G11,G
G-TiDE G118,G
G-tide G266,G
G-TiDE G267,G
G-TiDE G38,G
G-TiDE G610,G
G-tide G630,G
G-TiDE Q1,G
Gammamputer Systems GA-TAB 7G,Gammamputer
Gammamputer Systems GA-TAB7V 3G,Gammamputer
Gammamputer Systems PHONE TAB 7MT4,Gammamputer
Gammamputer Systems Phone Tab-8MT4,Gammamputer
Gaoxinqi Technology HWCD399(1)GSM,Gaoxinqi
Gfive Mobile GFIVE G73,Gfive
Global Distribution FZE i423,Global
"Goldgoal International 1120+,A2000+,X2000,D500+,Z303",Goldgoal
"Goldgoal International 610i,N73,S7718,S7710,Butterflys",Goldgoal
"Goldgoal International B1,B3,B3000,Bmate 12,Bmate 11",Goldgoal
Goldgoal International B50,Goldgoal
"Goldgoal International B7722,B200,S6830,W666,5700",Goldgoal
"Goldgoal International E222,S252,S257,S256,A2005",Goldgoal
"Goldgoal International L300 mini,A302,E615,610,S4",Goldgoal
"Goldgoal International N80+,S5000,Q1,Q2,Q3",Goldgoal
"Goldgoal International Q30,U68+,D500,W188,W268",Goldgoal
"Goldgoal International Q5,Q6,Q9,Q10,Q11",Goldgoal
"Goldgoal International S255,S259,S260,S668,S669",Goldgoal
Goldgoal International S5+,Goldgoal
"Goldgoal International S500,S500+,S500i,S500S,M800",Goldgoal
Goldgoal International S6+,Goldgoal
"Goldgoal International S600,S700,S600I,S700I,A2000",Goldgoal
"Goldgoal International XE88,C9,N8000+,9005+,s4+",Goldgoal
"Goldgoal International Y3,Z3,M3,S620,S621",Goldgoal
Google Nexus 4,Google
Google Nexus 5,Google
Google Nexus 5 CDMA,Google
"Gotron Electronic U5, U5S, L55, U45, U69",Gotron
Group Acquisitions IQ239,Group
Group Acquisitions IQ434,Group
Group Acquisitions IQ4503,Group
Group Acquisitions IQ4551,Group
Group Acquisitions IQ4602,Group
Guangdong Oppo Mobile Telecommunications A33w,Guangdong
"Guangdong Oppo Mobile Telecommunications OPPO R6016,OPPO R6011,OPPO R8206,OPPO N5206",Guangdong
Haier M80,Haier
Haier Pursuit G20,Haier
Happle H369,Happle
Hewlett Packard cr4110,Hewlett
Hewlett Packard hs3124,Hewlett
"HK Disike Technology G3, K77, K88, V2",HK
"HK Disike Technology IP6+, M7, N1",HK
"HK Disike Technology IP6, N2, N1+",HK
"HK Disike Technology K15, XL530, Z2",HK
"HK Disike Technology K5, K6, K7, K8",HK
"HK Disike Technology M8, K800+, N3, S6",HK
"HK Jin Hui Ma Technology B5,B8,B9,B6,B12",HK
"HK Jin Hui Ma Technology S311,S312,S313,S314,S70",HK
"HK Jin Hui Ma Technology S315,S316,S317,S318,S319",HK
"HK Jin Hui Ma Technology S50,S50mini,95mini",HK
"HK Jin Hui Ma Technology S688,S689,S699,S668,S669",HK
"HK Jin Hui Ma Technology S70mini,S60,S70",HK
HK Jin Hui Ma Technology Z90,HK
"Honeywell International CT50, CT50 Android, CT 50 Windows",Honeywell
Honeywell International Dolphin 7800lw,Honeywell
"Hong Kong A Beam Light Technology B1,B2,B3,B5,B6",Hong
"Hong Kong Hongzi Technology A2688,R804,312,101",Hong
"Hong Kong Hongzi Technology P1,P2,P3,W5,W630",Hong
"Hong Kong Xile Technology A1,A2,A3303,G08,G07",Hong
"Hong Kong Xile Technology G100,G200,G300,G400,G500",Hong
"Hong Kong Xile Technology G20,G30,G40,G50,G60",Hong
"Hong Kong Xile Technology G3000,G4000,G5000,G6000,G7000",Hong
"Hong Kong Xile Technology G515,G808,G555,G707,G606",Hong
"Hong Kong Xile Technology G6,G7,G8,G9,I9330",Hong
"Hong Kong Xile Technology G616, G101,G303,G777,G404",Hong
"Hong Kong Xile Technology G70,G80,G90,G88,G99",Hong
Hong Kong Xile Technology X5,Hong
"Hong Kong Xile Technology Z111,Z222,Z333,Z444,Z555",Hong
Hongkong Yocall L61,Hongkong
HP hs2340  HSPA Mobile Broadband,HP
HP hs2350,HP
HP hs3110,HP
HP hs3110 HSPA+ Mobile Module,HP
HP hs3120,HP
HP HSTNH-B19C Slate 6,HP
HP Slate 3G,HP
HP un2400 Module,HP
HP un2420 Module,HP
HTC 0P6B670,HTC
HTC 0P6B680,HTC
HTC 0P6B810,HTC
HTC 0PAJ310,HTC
HTC 0PGL100,HTC
HTC 0PGZ100,HTC
HTC 0PJX100,HTC
HTC 0PKX220,HTC
HTC 0PL3120,HTC
HTC 0PLA130,HTC
HTC 2PNT100,HTC
HTC 2PQ8110,HTC
HTC 2PRG100,HTC
HTC 5088,HTC
HTC 9088,HTC
HTC A11,HTC
HTC ChaCha,HTC
HTC Desire,HTC
HTC Desire 300,HTC
HTC Desire 310,HTC
HTC Desire 500,HTC
HTC Desire 500 Dual SIM,HTC
HTC Desire 510,HTC
HTC Desire 516 dual sim,HTC
HTC Desire 526G,HTC
HTC Desire 526G+ Dual SIM,HTC
HTC Desire 606w,HTC
HTC Desire 608t,HTC
HTC Desire 610,HTC
HTC Desire 616 dual sim,HTC
HTC Desire 620,HTC
HTC Desire 620G Dual SIM,HTC
HTC Desire 626G,HTC
HTC Desire 626G Dual SIM,HTC
HTC Desire 728G,HTC
HTC Desire 816,HTC
HTC Desire 816 Dual SIM,HTC
HTC Desire 816G Dual SIM,HTC
HTC Desire 820,HTC
HTC Desire 820 Dual SIM,HTC
HTC Desire 820G Dual SIM,HTC
HTC Desire 826,HTC
HTC Desire 826 Dual,HTC
HTC Desire C,HTC
HTC Desire EYE,HTC
HTC Desire HD,HTC
HTC Desire S,HTC
HTC Desire SV,HTC
HTC Desire V,HTC
HTC Desire X,HTC
HTC Evo 3D,HTC
HTC Explorer,HTC
HTC HD Mini,HTC
HTC HD2,HTC
HTC HD7,HTC
HTC HTC D816h,HTC
HTC HTC D820x,HTC
HTC HTC E9pw,HTC
HTC HTC E9w,HTC
HTC Incredible S,HTC
HTC Legend,HTC
HTC Magic,HTC
HTC Mobile Phone 8,HTC
HTC One,HTC
HTC One (E8),HTC
HTC One (M8),HTC
HTC One (M8) Dual SIM,HTC
HTC One 801e,HTC
HTC One A9,HTC
HTC One dual sim,HTC
HTC One E8,HTC
HTC One M8,HTC
HTC One M8 (0P6B130),HTC
HTC One M9,HTC
HTC One M9+,HTC
HTC One Max,HTC
HTC One Mini,HTC
HTC One mini 2,HTC
HTC One S,HTC
HTC One S C2,HTC
HTC One V,HTC
HTC One X,HTC
HTC One X+,HTC
HTC P3450 Touch,HTC
HTC PN07710,HTC
HTC PO49110,HTC
HTC Rhyme,HTC
HTC Sensation,HTC
HTC Sensation 4G,HTC
HTC Sensation XL,HTC
HTC Wildfire,HTC
HTC Wildfire S,HTC
HTC Windows Phone 8S,HTC
HTC Windows Phone 8X,HTC
Huawei ALE-UL00,Huawei
Huawei Ascend D2,Huawei
Huawei Ascend G300 U8815,Huawei
Huawei Ascend G6 LTE,Huawei
Huawei Ascend G610,Huawei
Huawei Ascend G620S LTE,Huawei
Huawei Ascend G630-U10,Huawei
Huawei Ascend G660,Huawei
Huawei Ascend G7,Huawei
Huawei Ascend G700-U10,Huawei
Huawei Ascend G730,Huawei
Huawei Ascend G730-U00,Huawei
Huawei Ascend G750-T01,Huawei
Huawei Ascend G750-U00,Huawei
Huawei Ascend G750-U10,Huawei
Huawei Ascend Mate 7,Huawei
Huawei Ascend Mate MT1,Huawei
Huawei Ascend P6,Huawei
Huawei Ascend P7,Huawei
Huawei Ascend P7-L10,Huawei
Huawei Ascend Y220-U10,Huawei
Huawei Ascend Y221,Huawei
Huawei Ascend Y330,Huawei
Huawei Ascend Y330-U01,Huawei
Huawei Ascend Y330-U11,Huawei
Huawei Ascend Y336,Huawei
Huawei Ascend Y360,Huawei
Huawei Ascend Y511,Huawei
Huawei Ascend Y520,Huawei
Huawei Ascend Y530,Huawei
Huawei Ascend Y600,Huawei
Huawei Ascend Y600-U20,Huawei
Huawei Ascend Y625,Huawei
Huawei Ascend Y635,Huawei
Huawei B183,Huawei
Huawei B315s-936,Huawei
Huawei B593s-22,Huawei
Huawei B683,Huawei
Huawei B880-73,Huawei
Huawei BM328c,Huawei
Huawei CHM-U01,Huawei
Huawei CHM-UL00,Huawei
Huawei E153,Huawei
Huawei E1550,Huawei
Huawei E156G,Huawei
Huawei E160G,Huawei
Huawei E173,Huawei
Huawei E1752C,Huawei
Huawei E1820,Huawei
Huawei E187,Huawei
Huawei E220,Huawei
Huawei E261,Huawei
Huawei E272,Huawei
Huawei E303,Huawei
Huawei E303C,Huawei
Huawei E303s,Huawei
Huawei E3131s,Huawei
Huawei E3131s-2,Huawei
Huawei E3331,Huawei
Huawei E352,Huawei
Huawei E3531i-2,Huawei
Huawei E355,Huawei
Huawei E367,Huawei
Huawei E372,Huawei
Huawei E397Bu-7,Huawei
Huawei E398,Huawei
Huawei E5220s-1,Huawei
Huawei E5220s-2,Huawei
Huawei E5330As-2,Huawei
Huawei E5330Bs-2,Huawei
"Huawei E5330Bs-2,E5336Bs-2",Huawei
Huawei E5331,Huawei
Huawei E5351s-2,Huawei
Huawei E5372s-601,Huawei
Huawei E5373s-928,Huawei
Huawei E5377s-327,Huawei
Huawei E5730,Huawei
Huawei E5770s-923,Huawei
Huawei E5776,Huawei
Huawei E5830,Huawei
Huawei E5832,Huawei
Huawei E585,Huawei
Huawei E586,Huawei
Huawei E620,Huawei
Huawei E8231s-2,Huawei
Huawei E870,Huawei
Huawei E881,Huawei
Huawei E960,Huawei
Huawei eA660-155,Huawei
Huawei EM820W,Huawei
Huawei Expedite E172,Huawei
Huawei G Play mini,Huawei
Huawei G3510,Huawei
Huawei G525,Huawei
Huawei G630-U10,Huawei
Huawei G750-T20 Honor 3X,Huawei
Huawei GEM-701L,Huawei
Huawei GP H100,Huawei
Huawei GTM900-C,Huawei
Huawei H30-L02 Honor 3C,Huawei
Huawei H60-L02 (TBC),Huawei
Huawei Hol-U19,Huawei
Huawei Honor 3C,Huawei
Huawei Honor 3X,Huawei
Huawei Honor 4X,Huawei
Huawei Honor 6,Huawei
Huawei Honor 6 Plus,Huawei
Huawei Honor Holly,Huawei
Huawei Honor X2 (TBC),Huawei
Huawei Huawei,Huawei
Huawei Iris,Huawei
Huawei K3770,Huawei
Huawei Mate S,Huawei
Huawei Mate7,Huawei
Huawei ME936,Huawei
Huawei MediaPad 10 Link+,Huawei
Huawei MediaPad 7 Vogue,Huawei
Huawei MediaPad 7 Youth2,Huawei
Huawei MediaPad M1,Huawei
Huawei MediaPad M1 8.0,Huawei
Huawei MediaPad S10,Huawei
Huawei MediaPad S10 LTE,Huawei
Huawei MediaPad S7,Huawei
Huawei MediaPad T1 10,Huawei
Huawei MG323,Huawei
Huawei MG323-B,Huawei
Huawei MT7-CL00,Huawei
Huawei MU709s-2,Huawei
Huawei MU733,Huawei
Huawei MU736,Huawei
Huawei Nexus 6P,Huawei
Huawei NXT-AL10,Huawei
Huawei NXT-L29,Huawei
Huawei P1 Ascend,Huawei
Huawei P8,Huawei
Huawei P8 lite,Huawei
Huawei P8lite,Huawei
Huawei P8max,Huawei
Huawei PLK-L01,Huawei
Huawei PLK-UL00,Huawei
Huawei R206,Huawei
Huawei RIO-L01,Huawei
Huawei SCL-AL00,Huawei
Huawei SCL-TL00H,Huawei
Huawei T1-701g,Huawei
"Huawei T1-701u,T1-701ua",Huawei
Huawei T9508,Huawei
Huawei U2805,Huawei
Huawei U5600,Huawei
Huawei U8150,Huawei
Huawei U8685D Ascend Y210,Huawei
Huawei U8800,Huawei
Huawei U8800 Ideos X5 Pro,Huawei
Huawei U8800H Ideos X5,Huawei
Huawei U8833 Ascend Y300,Huawei
Huawei U8860 Honor,Huawei
Huawei U8950-1 Ascend G600,Huawei
Huawei U8951 Ascend G510,Huawei
Huawei U9202 Ascend P1 LTE,Huawei
Huawei U9508 Ascend G615-U10,Huawei
Huawei U9508 Honor 2,Huawei
Huawei U9510 Ascend D quad,Huawei
Huawei Y320,Huawei
Huawei Y336,Huawei
Huawei Y5 Y560-U02,Huawei
Huawei Y511-U30 Ascend Y511,Huawei
Huawei Y560-U02,Huawei
Huawei Y6,Huawei
Hui Zhou Comio A1,Hui
i-Life Amaze 605,i
iNew U1,iNew
iNew V1,iNew
Infinix X506 ZERO,Infinix
Infinix X507 HOT,Infinix
Infinix X551 HOT Note,Infinix
Innjoo Technology F2,Innjoo
"Innjoo Technology F3,F3S,F3T",Innjoo
Innjoo Technology Fire Plus 3G,Innjoo
Innjoo Technology Fire Plus LTE,Innjoo
Innjoo Technology Fire Pro,Innjoo
Innjoo Technology i1,Innjoo
"Innjoo Technology i1s,i1t,i1x,i1k",Innjoo
"Innjoo Technology i2,i2s",Innjoo
Innjoo Technology Max,Innjoo
Innjoo Technology Note E,Innjoo
"Innjoo Technology Note,Note Pro",Innjoo
Innjoo Technology ONE 3G HD,Innjoo
Innjoo Technology ONE LTE HD,Innjoo
Innjoo Technology T1,Innjoo
"Innjoo Technology T2,F1",Innjoo
Intel BT210,Intel
Intercel SAM,Intercel
Intermec CN50,Intermec
Iwow TR-800,Iwow
Jablocom EYE-02,Jablocom
JinPeng A5886,JinPeng
Jixing L2,Jixing
Josh JB222,Josh
"Joyplus International Enterprise QQ-7A,DM-7G,QM-78,K7A,DQ-7B",Joyplus
"Junbo International Electronic Technology G1, G2, G3, G5",Junbo
K-Touch T700,K
Karbonn A5S Smart,Karbonn
Kaza-Miza for Importing & Exporting Agencies i600/i700/i800/i900/i101,Kaza
Kechao K81,Kechao
Kfive K27,Kfive
Kgtel K80,Kgtel
KMY 801D,KMY
"L & A Group FZE E80,E90",L
Lab126 SD4930UR.r2,Lab126
Lava International iris X1+,Lava
Lava International iris X8q,Lava
Leadsky International Development Auro compact 6321,Leadsky
Lemobile Information Technology Letv X500,Lemobile
Lemon Duo 405,Lemon
Lenovo A10-70 A7600-HV,Lenovo
Lenovo A1000,Lenovo
Lenovo A2010,Lenovo
Lenovo A269i,Lenovo
Lenovo A3000-H,Lenovo
Lenovo A316,Lenovo
Lenovo A319 RocStar,Lenovo
Lenovo A328,Lenovo
Lenovo A369i,Lenovo
Lenovo A388t,Lenovo
Lenovo A390 Touch,Lenovo
Lenovo A396,Lenovo
Lenovo A536,Lenovo
Lenovo A560,Lenovo
Lenovo A580,Lenovo
Lenovo A6000,Lenovo
Lenovo A7-30 A3300-GC,Lenovo
Lenovo A7-30 A3300-H,Lenovo
Lenovo A7-30 A3300-T,Lenovo
Lenovo A7-50 A3500,Lenovo
Lenovo A7-50 A3500-H,Lenovo
Lenovo A8-50 A5500-HV,Lenovo
Lenovo A850,Lenovo
Lenovo A859,Lenovo
Lenovo A880,Lenovo
Lenovo A889,Lenovo
Lenovo IdeaTab A1000,Lenovo
Lenovo IdeaTab A3000-H,Lenovo
Lenovo IdeaTab A5000,Lenovo
Lenovo IdeaTab A6000,Lenovo
Lenovo IdeaTab K2,Lenovo
Lenovo K3 Note K50-t5,Lenovo
Lenovo K30-T,Lenovo
Lenovo K800,Lenovo
Lenovo K900,Lenovo
Lenovo K920 Vibe Z2 Pro,Lenovo
Lenovo Lenovo A7010a48,Lenovo
Lenovo Lenovo PB1-750M,Lenovo
"Lenovo Lenovo PB1-770L,Lenovo PB1-770M",Lenovo
Lenovo Lenovo S1a40,Lenovo
"Lenovo Lenovo YT3-850L,Lenovo YT3-850M",Lenovo
Lenovo P70-A,Lenovo
Lenovo P780,Lenovo
Lenovo RocStar,Lenovo
Lenovo S580,Lenovo
Lenovo S60-a,Lenovo
Lenovo S60-w,Lenovo
Lenovo S6000H,Lenovo
Lenovo S650,Lenovo
Lenovo S820,Lenovo
Lenovo S850,Lenovo
Lenovo S856,Lenovo
Lenovo S860t,Lenovo
Lenovo S898t+,Lenovo
Lenovo S90-A Sisley,Lenovo
Lenovo S920,Lenovo
Lenovo S930,Lenovo
Lenovo S939,Lenovo
Lenovo S960,Lenovo
Lenovo S960 Vibe X,Lenovo
Lenovo Sisley S90-A,Lenovo
Lenovo Sisley S90-u,Lenovo
Lenovo TAB 2 A7,Lenovo
Lenovo TAB 2 A8-50L,Lenovo
Lenovo TAB S8-50L,Lenovo
Lenovo ThinkPad A7000-a,Lenovo
Lenovo Vibe P1a,Lenovo
Lenovo Vibe P1m,Lenovo
Lenovo Vibe Shot Z90a,Lenovo
Lenovo Vibe X2,Lenovo
Lenovo YOGA Tablet 10 B8000-H,Lenovo
Lenovo YOGA Tablet 10 HD+ B8080-H,Lenovo
Lenovo YOGA Tablet 2 Pro,Lenovo
"Lenovo YOGA Tablet 2-1050L,YOGA Tablet 2-830L,YOGA Tablet 2-1051L,YOGA Tablet 2-830LC,YOGA Tablet 2-1050LC",Lenovo
Lephone Technology E71,Lephone
LG A190,LG
LG A270,LG
LG A275,LG
LG A290,LG
LG C105,LG
LG C333,LG
LG C399,LG
LG C660,LG
LG D170,LG
LG D410,LG
LG D415BK,LG
LG D618,LG
LG D686 G Pro Lite Dual,LG
LG D800 Optimus G2,LG
LG D801 G2,LG
LG E400 Optimus L3,LG
LG E405 Optimus L3,LG
LG E410 Optimus L1 II,LG
LG E420 Optimus L1 II Dual,LG
LG E425 Optimus L3 II,LG
LG E430 Optimus L3 II,LG
LG E435 Optimus L3 II Dual,LG
LG E440 Optimus L4 II,LG
LG E445 Optimus L4 II Dual,LG
LG E450 Optimus L5 II,LG
LG E455,LG
LG E455 Optimus L5 II,LG
LG E610 Optimus L5,LG
LG E612 Optimus L5,LG
LG E615 Optimus L5 Dual,LG
LG E973 Optimus G,LG
LG E975T Optimus G,LG
LG F200L Optimus Vu II,LG
LG F320K Optimus G2 LTE-A,LG
LG F340K,LG
LG F370L,LG
LG G Flex,LG
LG G Flex2,LG
LG G2,LG
LG G2 Mini LTE,LG
LG G3,LG
LG G3 LTE-A,LG
LG G3 Mini,LG
LG G3 Prime LTE-A,LG
LG G3 S,LG
LG G3 Stylus,LG
LG G4,LG
LG G4 Stylus,LG
LG G660,LG
LG GD580,LG
LG GU280,LG
LG GX200,LG
LG GX300,LG
LG GX500,LG
LG KP500 Cookie,LG
LG L Bello,LG
LG L60,LG
LG L70,LG
LG L90 Dual,LG
LG LS980 G2,LG
LG Magna,LG
LG MS323,LG
LG MS500,LG
LG Nexus 5X,LG
LG P503 Optimus One,LG
LG P705,LG
LG P710 Optimus L7 II,LG
LG P713 Optimus L7 II,LG
LG P715 Optimus L7 II,LG
LG P760 Optimus L9,LG
LG P880 Optimus 4X HD,LG
LG P895 Optimus Vu,LG
LG P920 Optimus 3D,LG
LG P940 Prada K2,LG
LG PR810,LG
LG T300,LG
LG T310,LG
LG T375 Cookie Smart,LG
LG T505,LG
LG T515 Cookie Duo,LG
LG T585,LG
LG V10,LG
LG VS986,LG
Lidaxin Technology X7,Lidaxin
Longcheer Technology (Shanghai) longcheer WM81/HT850HS,Longcheer
Longcheer Technology (Shanghai) W8653,Longcheer
Longcheer Technology (Shanghai) WM850K 3G,Longcheer
LongSung U6300,LongSung
"Lulu Center ik-A7001, ik-TPC783, ik-TPC786, ik-TPC7065P",Lulu
"Lulu Center IK-Y10, IK-Y5, IK-Y3, IK-543",Lulu
"Majestic Technology X800,QX3,pad7,MAX2,HD710",Majestic
"Max Tel FZE EVO K410i , EVO K410i+, EVO K500i , EVO K500i+, EVO Pro K700i",Max
Max Tel FZE Evo k411i,Max
"Meizu M463,M463U",Meizu
Meizu M576H,Meizu
Meizu MX5,Meizu
Mercury ST3,Mercury
Merlin Digital MERLIN MB701,Merlin
Micromax Canvas Nitro 2,Micromax
Microsoft Lumia 430 Dual SIM,Microsoft
Microsoft Lumia 435 Dual SIM,Microsoft
Microsoft Lumia 532 Dual SIM,Microsoft
Microsoft Lumia 535,Microsoft
Microsoft Lumia 535 Dual Sim,Microsoft
Microsoft Lumia 535 Dual SIM,Microsoft
Microsoft Lumia 540,Microsoft
Microsoft Lumia 540 Dual SIM,Microsoft
Microsoft Lumia 550,Microsoft
Microsoft Lumia 640,Microsoft
Microsoft Lumia 640 Dual SIM LTE,Microsoft
Microsoft Lumia 640 XL,Microsoft
Microsoft Lumia 640 XL Dual SIM,Microsoft
Microsoft Lumia 950,Microsoft
Microsoft Lumia 950 XL,Microsoft
Microsoft This is a Test IMEI to be used with multiple prototype models. The frequency bands for each model may not match what is listed in this record,Microsoft
Mobily for IMP &mmercial Agencies i100/i200/i300/i400/i500,Mobily
Mobily for IMP &mmercial Agencies S999/SG005/SG009/SG007/SG008,Mobily
Mobiwire  MBP900,Mobiwire
Mobiwire Mobiles (Ningbo) MobiWire MobiPrint,Mobiwire
Motorola DROID Turbo,Motorola
Motorola DV12357645,Motorola
Motorola EX109 Motokey Mini,Motorola
Motorola EX115 Motokey,Motorola
Motorola L6,Motorola
Motorola MB525 DEFY,Motorola
Motorola MC4587,Motorola
Motorola MC659B,Motorola
Motorola MC67NA,Motorola
Motorola MC75A,Motorola
Motorola Moto E,Motorola
Motorola MOTO G,Motorola
Motorola MOTO G (2nd Gen.),Motorola
Motorola Moto G (3rd Gen.),Motorola
Motorola Moto X,Motorola
Motorola Moto X (2nd Gen.),Motorola
Motorola Moto X Play,Motorola
Motorola Nexus 6 GSM,Motorola
Motorola QUENCH XT5 XT502 Greco,Motorola
Motorola RAZR V3i,Motorola
Motorola RAZR V3x,Motorola
Motorola Ruth (MB511),Motorola
Motorola V3,Motorola
Motorola WX181,Motorola
Motorola XT1080,Motorola
Motorola XT1100 Nexus 6,Motorola
Motorola XT875 DROID BIONIC,Motorola
Motorola XT907 DROID RAZR M,Motorola
Motorola XT910 RAZR,Motorola
Motorola XT925 RAZR HD,Motorola
Multi-Tech Systems MTSMC-G2 SocketModem Cell,Multi
NEC FOMA N600i,NEC
NGM MAXI,NGM
"Nin Shen Qiu Technology V200,V300,V400,V500",Nin
NKTEL Communication bassoon F300 S80,NKTEL
Nokia 100,Nokia
Nokia 101,Nokia
Nokia 103,Nokia
Nokia 105,Nokia
Nokia 105 Dual SIM,Nokia
Nokia 107,Nokia
Nokia 107 Dual SIM,Nokia
Nokia 108,Nokia
Nokia 108 Dual SIM,Nokia
Nokia 110,Nokia
Nokia 1100,Nokia
Nokia 1110i,Nokia
Nokia 1112,Nokia
Nokia 112,Nokia
Nokia 1120,Nokia
Nokia 114,Nokia
Nokia 1200,Nokia
Nokia 1202,Nokia
Nokia 1203,Nokia
Nokia 1208,Nokia
Nokia 1209,Nokia
Nokia 1280,Nokia
Nokia 130 Dual SIM,Nokia
Nokia 130 Dual SIM (RM-1035),Nokia
Nokia 1600,Nokia
Nokia 1616,Nokia
Nokia 1650,Nokia
Nokia 1661,Nokia
Nokia 1662,Nokia
Nokia 1680 Classic,Nokia
Nokia 1800,Nokia
Nokia 206,Nokia
Nokia 206 Dual SIM,Nokia
Nokia 206 Dual SIM (RM-872),Nokia
Nokia 208 Dual SIM,Nokia
Nokia 2100,Nokia
Nokia 215 Dual SIM,Nokia
Nokia 220,Nokia
Nokia 222 Dual SIM,Nokia
Nokia 2220 Slide,Nokia
Nokia 225 Dual SIM,Nokia
Nokia 225 Dual SIM (RM-1011),Nokia
Nokia 230 Dual SIM,Nokia
Nokia 2330 Classic,Nokia
Nokia 2600 Classic,Nokia
Nokia 2630,Nokia
Nokia 2680 Slide,Nokia
Nokia 2690,Nokia
Nokia 2700 Classic,Nokia
Nokia 2720 Fold,Nokia
Nokia 2730 Classic,Nokia
Nokia 2760,Nokia
Nokia 301,Nokia
Nokia 301 Dual Sim,Nokia
Nokia 302,Nokia
Nokia 3100,Nokia
Nokia 311,Nokia
Nokia 3110 Classic,Nokia
Nokia 3500 Classic,Nokia
Nokia 3600 Slide,Nokia
Nokia 3720 Classic,Nokia
Nokia 500,Nokia
Nokia 5130,Nokia
Nokia 5130 XpressMusic,Nokia
Nokia 515 Dual SIM,Nokia
Nokia 5230,Nokia
Nokia 5232,Nokia
Nokia 5233,Nokia
Nokia 5235 Comes with Music,Nokia
Nokia 5250,Nokia
Nokia 5310 XpressMusic,Nokia
Nokia 5530 XpressMusic,Nokia
Nokia 5800 Navigation Edition,Nokia
Nokia 5800 XpressMusic,Nokia
Nokia 5800d,Nokia
Nokia 6020b,Nokia
Nokia 603,Nokia
Nokia 6085,Nokia
Nokia 6120 Classic,Nokia
Nokia 6120 Internet,Nokia
Nokia 6120ci,Nokia
Nokia 6210si,Nokia
Nokia 6300,Nokia
Nokia 6303 Classic,Nokia
Nokia 6303i Classic,Nokia
Nokia 6500 Slide,Nokia
Nokia 6630,Nokia
Nokia 6680,Nokia
Nokia 6700 Classic,Nokia
Nokia 6700 Slide,Nokia
Nokia 6710 Navigator,Nokia
Nokia 6730 Classic,Nokia
Nokia 6760 Slide,Nokia
Nokia 700,Nokia
Nokia 701,Nokia
Nokia 7020,Nokia
Nokia 7230,Nokia
Nokia 7610,Nokia
Nokia 808 PureView,Nokia
Nokia 909.1,Nokia
Nokia Asha 200,Nokia
Nokia Asha 201,Nokia
Nokia Asha 202,Nokia
Nokia Asha 203,Nokia
Nokia Asha 205,Nokia
Nokia Asha 205 Dual SIM,Nokia
Nokia Asha 206,Nokia
Nokia Asha 210,Nokia
Nokia Asha 210 Dual SIM,Nokia
Nokia Asha 230 Dual SIM (RM-986),Nokia
Nokia Asha 300,Nokia
Nokia Asha 302,Nokia
Nokia Asha 303,Nokia
Nokia Asha 305,Nokia
Nokia Asha 306,Nokia
Nokia Asha 308,Nokia
Nokia Asha 309,Nokia
Nokia Asha 310,Nokia
Nokia Asha 311,Nokia
Nokia Asha 500,Nokia
Nokia Asha 501,Nokia
Nokia Asha 501 Dual SIM,Nokia
Nokia Asha 501 Dual SIM (RM-902),Nokia
Nokia Asha 502,Nokia
Nokia Asha 503,Nokia
Nokia Asha 503 Dual SIM,Nokia
Nokia C1-00,Nokia
Nokia C1-01,Nokia
Nokia C2-00,Nokia
Nokia C2-01,Nokia
Nokia C2-02,Nokia
Nokia C2-03,Nokia
Nokia C2-05,Nokia
Nokia C2-06,Nokia
Nokia C3-00,Nokia
Nokia C3-01 Touch and Type,Nokia
Nokia C3-01i Touch and Type,Nokia
Nokia C5-00,Nokia
Nokia C5-00.2,Nokia
Nokia C5-03,Nokia
Nokia C5-06,Nokia
Nokia C6-00,Nokia
Nokia C6-01,Nokia
Nokia C6-01.3,Nokia
Nokia C7-00,Nokia
Nokia C7-00s,Nokia
Nokia E5-00,Nokia
Nokia E51,Nokia
Nokia E52,Nokia
Nokia E6-00,Nokia
Nokia E61i,Nokia
Nokia E63,Nokia
Nokia E65,Nokia
Nokia E66,Nokia
Nokia E7-00,Nokia
Nokia E71,Nokia
Nokia E72,Nokia
Nokia E75,Nokia
Nokia E90 Communicator,Nokia
Nokia Galaxy Ace,Nokia
Nokia Lumia 1320,Nokia
Nokia Lumia 1520,Nokia
Nokia Lumia 520,Nokia
Nokia Lumia 521,Nokia
Nokia Lumia 530,Nokia
Nokia Lumia 530 Dual SIM,Nokia
Nokia Lumia 610,Nokia
Nokia Lumia 620,Nokia
Nokia Lumia 625,Nokia
Nokia Lumia 630,Nokia
Nokia Lumia 630 Dual SIM,Nokia
Nokia Lumia 635,Nokia
Nokia Lumia 710,Nokia
Nokia Lumia 720,Nokia
Nokia Lumia 730 Dual SIM,Nokia
Nokia Lumia 730 Dual SIM (RM-1040),Nokia
Nokia Lumia 735,Nokia
Nokia Lumia 820,Nokia
Nokia Lumia 830,Nokia
Nokia Lumia 920,Nokia
Nokia Lumia 925,Nokia
Nokia Lumia 930,Nokia
Nokia N70,Nokia
Nokia N73,Nokia
Nokia N8,Nokia
Nokia N81,Nokia
Nokia N82,Nokia
Nokia N86 8MP,Nokia
Nokia N9,Nokia
Nokia N95,Nokia
Nokia N95 8GB,Nokia
Nokia N96,Nokia
Nokia N97,Nokia
Nokia N97 mini,Nokia
Nokia RM-921,Nokia
Nokia X Dual SIM,Nokia
Nokia X Dual SIM (RM-980),Nokia
Nokia X1-01,Nokia
Nokia X2 Dual SIM,Nokia
Nokia X2-00,Nokia
Nokia X2-01,Nokia
Nokia X2-02,Nokia
Nokia X2-05,Nokia
Nokia X3-00,Nokia
Nokia X3-02 Touch and Type,Nokia
Nokia X6-00,Nokia
Nokia X7-00,Nokia
Nokia XL Dual SIM,Nokia
Nokia XL Dual SIM (RM-1030),Nokia
Novatel MiFi 2352,Novatel
Nubia Technology NX510J,Nubia
"Obi Mobiles S452,S501, S451",Obi
Obi Mobiles S453,Obi
"Obi Mobiles S502, S505, S454",Obi
"Obi Mobiles S550, S551",Obi
Olkya Liger 71G,Olkya
OnePlus 2,OnePlus
OnePlus 2 (A2003),OnePlus
OnePlus One,OnePlus
Oppo A503,Oppo
Oppo Joy 3,Oppo
Oppo Joy Plus,Oppo
Oppo Mirror 5,Oppo
Oppo Neo 5,Oppo
Oppo R5,Oppo
Oppo R7 Plus,Oppo
Oppo R7g,Oppo
Oppo R831K Neo 3,Oppo
Oppo R831L Neo 5,Oppo
Option GTM671W,Option
Option GTM689W,Option
Orange Barcelona,Orange
"Orkia ORKIA A250, Q350",Orkia
Panasonic EB-3901,Panasonic
Panasonic Panasonic ELUGA I,Panasonic
Panasonic Panasonic P55,Panasonic
Pantech IM-A850K Vega R3,Pantech
Pantech IM-A860L Vega No 6,Pantech
Pantech IM-A890L,Pantech
Pantech X10000,Pantech
Partners Electronics SKYPAD7103G,Partners
Phone Care Branch of Axiom Telecom FT100/Four T100,Phone
Posiscan P7000,Posiscan
Prestigio Plaza MultiPad 4 ULTIMATE 8.0 3G,Prestigio
Prestigio Plaza MultiPad COLOR 10.1 3G,Prestigio
Prestigio Plaza MultiPad COLOR 7.0 3G,Prestigio
Prestigio Plaza PMP7170B3G MultiPad 7.0 Prime 3G,Prestigio
"Prestigio Plaza PSP3453DUOBLACK,PSP3453DUOBLUE,PSP3453DUOMETAL,PSP3453DUOBLACK_UK,PSP3453DUOBLUE_UK",Prestigio
PROTO  PROTO,PROTO
PROTO PROTO,PROTO
PT. Arga Mas Lestari S35D,PT
"Qingdao Haier Telecom D85,D71,G781",Qingdao
Qingdao Haier Telecom G31,Qingdao
"Qingdao Haier Telecom HR-M719,HR-703MZ,J10,W862",Qingdao
Qingdao Hisense Communications Hisense HS-U970,Qingdao
Qingdao Hisense Communications HS-L682,Qingdao
Qingdao Hisense Communications HS-U601,Qingdao
Qingdao Hisense Communications HS-U606,Qingdao
Qingdao Hisense Communications HS-U609,Qingdao
Qingdao Hisense Communications HS-U820,Qingdao
Qingdao Hisense Communications HS-U909,Qingdao
Qingdao Hisense Communications HS-U939,Qingdao
Qingdao Hisense Communications HS-U950,Qingdao
Qingdao Hisense Communications HS-U970E,Qingdao
Qingdao Hisense Communications ITV F5180,Qingdao
QMobile i9,QMobile
Qualcomm Gobi 2000,Qualcomm
"Quality Computers TM-SM510,TM-SM600,TM-SM500,TM-SM550",Quality
"Quectel Wireless Solutions GC65,GC66",Quectel
Quectel Wireless Solutions M10,Quectel
Quectel Wireless Solutions M35,Quectel
Quectel Wireless Solutions M95 Series,Quectel
Quectel Wireless Solutions Quectel M35 Series,Quectel
Sagem HiLo Ingenico FR,Sagem
Sagem HiLo Module,Sagem
Sagem HiloV2,Sagem
Samsung A3000,Samsung
Samsung A300H,Samsung
Samsung A300H Galaxy A3,Samsung
Samsung A300H Galaxy A3 DUOS,Samsung
Samsung A300HQ,Samsung
Samsung A5000,Samsung
Samsung A500FU,Samsung
Samsung A500H,Samsung
Samsung A7000,Samsung
Samsung A700FQ Galaxy A7,Samsung
Samsung A700H,Samsung
Samsung A700YD Galaxy A7 DUOS,Samsung
Samsung A847D,Samsung
Samsung Anycall M110S Galaxy S,Samsung
Samsung B100m,Samsung
Samsung B310E Piton DUOS,Samsung
Samsung B312E,Samsung
Samsung B3210 Corby TXT,Samsung
Samsung B3410,Samsung
Samsung B3410W Ch@t WiFi,Samsung
Samsung B360E,Samsung
Samsung B5510 Galaxy Y Pro,Samsung
Samsung B5512 Galaxy Y Duos,Samsung
Samsung B5512 Galaxy Y Pro,Samsung
Samsung B5722,Samsung
Samsung B7510 Galaxy Pro,Samsung
Samsung B7722 DuoS,Samsung
Samsung C111,Samsung
Samsung C115,Samsung
Samsung C160,Samsung
Samsung C260,Samsung
Samsung C270,Samsung
Samsung C3010S,Samsung
Samsung C3053,Samsung
Samsung C3200 Monte Bar,Samsung
Samsung C3212,Samsung
Samsung C3212i,Samsung
Samsung C3222 Ch@t 322,Samsung
Samsung C3222W,Samsung
Samsung C3303i,Samsung
Samsung C3303K Champ,Samsung
Samsung C3312 Champ Delux,Samsung
Samsung C3312R,Samsung
Samsung C3313T,Samsung
Samsung C3322 Metro DUOS,Samsung
Samsung C3332,Samsung
Samsung C3520,Samsung
Samsung C3592,Samsung
Samsung C3752 Metro DUOS,Samsung
Samsung C5212,Samsung
Samsung C5212i,Samsung
Samsung C6112,Samsung
Samsung C6712 Star II Duos,Samsung
Samsung D900,Samsung
Samsung DM TestProto1,Samsung
Samsung E1080F,Samsung
Samsung E1080i,Samsung
Samsung E1150,Samsung
Samsung E1150i,Samsung
Samsung E1182,Samsung
Samsung E1200M,Samsung
Samsung E1200R Keystone 2,Samsung
Samsung E1205T,Samsung
Samsung E1205Y,Samsung
Samsung E1205Y Keystone 2,Samsung
Samsung E1207T,Samsung
Samsung E1207Y,Samsung
Samsung E120L Galaxy S II HD,Samsung
Samsung E1232B Hero Music,Samsung
Samsung E1252,Samsung
Samsung E1282T,Samsung
Samsung E160L Galaxy Note,Samsung
Samsung E2120,Samsung
Samsung E2152,Samsung
Samsung E2202 Metro DUOS,Samsung
Samsung E2222,Samsung
Samsung E2222 Chat 222,Samsung
Samsung E2232,Samsung
Samsung E2252 Metro,Samsung
Samsung E250,Samsung
Samsung E250i,Samsung
Samsung E250K Galaxy Note II,Samsung
Samsung E250L Galaxy Note II,Samsung
Samsung E250S Galaxy Note II,Samsung
Samsung E2550,Samsung
Samsung E2652W Champ DUOS,Samsung
Samsung E500F DUOS,Samsung
Samsung E500H DUOS,Samsung
Samsung E7000,Samsung
Samsung E700F DUOS,Samsung
Samsung E700H DUOS,Samsung
Samsung F480i,Samsung
Samsung G130H,Samsung
Samsung G350,Samsung
Samsung G350 Galaxy Core Plus,Samsung
Samsung G350E Galaxy Core Plus,Samsung
Samsung G350E Galaxy Star 2 Plus,Samsung
Samsung G3558,Samsung
Samsung G355H Galaxy Core 2,Samsung
Samsung G355H Galaxy Core 2 DUOS,Samsung
Samsung G360H Galaxy Core Prime DUOS,Samsung
Samsung G3815 Galaxy Express 2,Samsung
Samsung G5108 Galaxy Core Max Duos TD-LTE,Samsung
Samsung G530F,Samsung
Samsung G530FZ Galaxy Grand Prime,Samsung
Samsung G530FZ Galaxy Grand Prime DUOS,Samsung
Samsung G530H Galaxy Grand Prime DUOS,Samsung
Samsung G710 Galaxy Grand 2,Samsung
Samsung G7102 Galaxy Grand 2,Samsung
Samsung G7102 Galaxy Grand 2 DUOS,Samsung
Samsung G7105 Galaxy Grand 2,Samsung
Samsung G7106 Galaxy Grand 2,Samsung
Samsung G7106 Galaxy Grand 2 DUOS,Samsung
Samsung G720N0 Galaxy Grand Max LTE,Samsung
Samsung G730A Galaxy S III Mini LTE,Samsung
Samsung G9200,Samsung
Samsung G920A,Samsung
Samsung G920I,Samsung
Samsung G920S,Samsung
Samsung G9250,Samsung
Samsung G925A,Samsung
Samsung G925I,Samsung
Samsung G925T,Samsung
Samsung G925W8,Samsung
Samsung Galaxy,Samsung
Samsung Galaxy A3,Samsung
Samsung Galaxy A3 DUOS,Samsung
Samsung Galaxy A5,Samsung
Samsung Galaxy A5 DUOS,Samsung
Samsung Galaxy A7,Samsung
Samsung Galaxy A7 DUOS,Samsung
Samsung Galaxy A8,Samsung
Samsung Galaxy A8 DUOS,Samsung
Samsung Galaxy Ace 4,Samsung
Samsung Galaxy Ace 4 Lite,Samsung
Samsung Galaxy Ace 4 Lite DUOS,Samsung
Samsung Galaxy Ace 4 LTE,Samsung
Samsung Galaxy Ace NXT,Samsung
Samsung Galaxy Ace NXT DUOS,Samsung
Samsung Galaxy Ace Style,Samsung
Samsung Galaxy Alpha,Samsung
Samsung Galaxy Core 2,Samsung
Samsung Galaxy Core 2 DUOS,Samsung
Samsung Galaxy Core LTE,Samsung
Samsung Galaxy Core Prime,Samsung
Samsung Galaxy Core Prime DUOS,Samsung
Samsung Galaxy Core Prime LTE,Samsung
Samsung Galaxy Core Prime VE,Samsung
Samsung Galaxy Core Prime VE DUOS,Samsung
Samsung Galaxy Grand 2 DUOS,Samsung
Samsung Galaxy Grand 3 DUOS,Samsung
Samsung Galaxy Grand Mega On,Samsung
Samsung Galaxy Grand Neo,Samsung
Samsung Galaxy Grand Neo DUOS,Samsung
Samsung Galaxy Grand Prime,Samsung
Samsung Galaxy Grand Prime DUOS,Samsung
Samsung Galaxy J1,Samsung
Samsung Galaxy J1 DUOS,Samsung
Samsung Galaxy J2,Samsung
Samsung Galaxy J2 DUOS,Samsung
Samsung Galaxy J5,Samsung
Samsung Galaxy J5 DUOS,Samsung
Samsung Galaxy J7,Samsung
Samsung Galaxy J7 DUOS,Samsung
Samsung Galaxy Note 3,Samsung
Samsung Galaxy Note 3 Neo DUOS,Samsung
Samsung Galaxy Note 3 Neo LTE+,Samsung
Samsung Galaxy Note 4,Samsung
Samsung Galaxy Note 5,Samsung
Samsung Galaxy Note Edge,Samsung
Samsung Galaxy Note Edge 4G,Samsung
Samsung Galaxy Note II,Samsung
Samsung Galaxy Pocket 2,Samsung
Samsung Galaxy S DUOS 2,Samsung
Samsung Galaxy S Duos 3,Samsung
Samsung Galaxy S II LTE,Samsung
Samsung Galaxy S III,Samsung
Samsung Galaxy S III DUOS,Samsung
Samsung Galaxy S III LTE,Samsung
Samsung Galaxy S III Mini,Samsung
Samsung Galaxy S III Mini Value Edition,Samsung
Samsung Galaxy S III Neo,Samsung
Samsung Galaxy S III Neo+,Samsung
Samsung Galaxy S4,Samsung
Samsung Galaxy S4 Active,Samsung
Samsung Galaxy S4 LTE-A,Samsung
Samsung Galaxy S4 Mini,Samsung
Samsung Galaxy S4 Mini DUOS,Samsung
Samsung Galaxy S4 Mini LTE,Samsung
Samsung Galaxy S4 Value Edition,Samsung
Samsung Galaxy S4 VE,Samsung
Samsung Galaxy S4 Zoom,Samsung
Samsung Galaxy S4 Zoom LTE,Samsung
Samsung Galaxy S5,Samsung
Samsung Galaxy S5 LTE-A,Samsung
Samsung Galaxy S5 Mini,Samsung
Samsung Galaxy S5 Mini DUOS,Samsung
Samsung Galaxy S5 Neo,Samsung
Samsung Galaxy S6,Samsung
Samsung Galaxy S6 edge,Samsung
Samsung Galaxy S6 Edge,Samsung
Samsung Galaxy S6 Plus,Samsung
Samsung Galaxy Star,Samsung
Samsung Galaxy Star 2,Samsung
Samsung Galaxy Star 2 Plus,Samsung
Samsung Galaxy Star Plus DUOS,Samsung
Samsung Galaxy Star Pro DUOS,Samsung
Samsung Galaxy Tab 2 7.0,Samsung
Samsung Galaxy Tab 3 7.0,Samsung
Samsung Galaxy Tab 3 7.0 Lite,Samsung
Samsung Galaxy Tab 3 7.0 LTE,Samsung
Samsung Galaxy Tab 4 7.0,Samsung
Samsung Galaxy Tab 4 7.0 LTE,Samsung
Samsung Galaxy Tab 4 8.0 LTE,Samsung
Samsung Galaxy Tab 7.7,Samsung
Samsung Galaxy Tab A 9.7,Samsung
Samsung Galaxy Tab E 9.6,Samsung
Samsung Galaxy Tab S 10.5,Samsung
Samsung Galaxy Tab S 2 8,Samsung
Samsung Galaxy Tab S 2 9.7,Samsung
Samsung Galaxy Tab S 8.4,Samsung
Samsung Galaxy Trend 2 Lite,Samsung
Samsung Galaxy Trend 2 Lite DUOS,Samsung
Samsung Galaxy Trend Lite,Samsung
Samsung Galaxy Trend Plus,Samsung
Samsung Galaxy Win DUOS,Samsung
Samsung Galaxy Young 2,Samsung
Samsung Galaxy Young 2 DUOS,Samsung
Samsung GC100 Galaxy Camera,Samsung
Samsung Gear S,Samsung
Samsung GT-S5312 Galaxy Pocket 2,Samsung
Samsung GT-S6810P Galaxy Fame NFC,Samsung
Samsung Guru Plus,Samsung
Samsung I317 Galaxy Note II LTE,Samsung
Samsung i450,Samsung
Samsung I5503,Samsung
Samsung i620,Samsung
Samsung i727 Galaxy S II Skyrocket,Samsung
Samsung I8150 Galaxy W,Samsung
Samsung I8160 Galaxy Ace 2,Samsung
Samsung I8160P Galaxy Ace 2,Samsung
Samsung I8200,Samsung
Samsung I8260 Galaxy Core,Samsung
Samsung I8262 Galaxy Core DUOS,Samsung
Samsung I8262B Galaxy Core DUOS,Samsung
Samsung I8262D Galaxy Core DUOS,Samsung
Samsung I8530 Galaxy Beam,Samsung
Samsung I8552 Galaxy Grand DUOS,Samsung
Samsung I8552 Galaxy Win DUOS,Samsung
Samsung I8730 Galaxy Express,Samsung
Samsung i8910 Omnia HD,Samsung
Samsung I9000 Galaxy S,Samsung
Samsung I9001 Galaxy S Plus,Samsung
Samsung I9003,Samsung
Samsung I9060 Galaxy Grand Lite,Samsung
Samsung I9060 Galaxy Grand Neo,Samsung
Samsung I9062 Galaxy Grand Lite DUOS,Samsung
Samsung I9070 Galaxy S Advance,Samsung
Samsung I9082 Galaxy Grand DUOS,Samsung
Samsung I9082C Galaxy Grand DUOS,Samsung
Samsung I9082i Galaxy Grand DUOS,Samsung
Samsung I9082L Galaxy Grand DUOS,Samsung
Samsung I9100 Galaxy S II,Samsung
Samsung I9100G,Samsung
Samsung I9100P Galaxy S II,Samsung
Samsung I9100T,Samsung
Samsung I9105 Galaxy S II Plus,Samsung
Samsung I9105P Galaxy S II Plus NFC,Samsung
Samsung I9152 Galaxy Mega 5.8 DUOS,Samsung
Samsung I9152P Galaxy Mega 5.8 DUOS,Samsung
Samsung I9168I,Samsung
Samsung I9200 Galaxy Mega 6.3,Samsung
Samsung I9205 Galaxy Mega 6.3 LTE,Samsung
Samsung I9250 Galaxy Nexus,Samsung
Samsung I9250M Galaxy Nexus,Samsung
Samsung I9301I Galaxy S III Neo,Samsung
Samsung i997 Infuse 4G,Samsung
Samsung J100F,Samsung
Samsung J100ML DUOS,Samsung
Samsung Keystone 2,Samsung
Samsung M250S,Samsung
Samsung M440S,Samsung
Samsung M620,Samsung
Samsung MediaPad S10 LTE,Samsung
Samsung Metro,Samsung
Samsung Metro 312,Samsung
Samsung N075 Galaxy J SC-02F,Samsung
Samsung N5100 Galaxy Note 8.0,Samsung
Samsung N7000 Galaxy Note,Samsung
Samsung N7000B Galaxy Note,Samsung
Samsung N7100 Galaxy Note II,Samsung
Samsung N7102 Galaxy Note II,Samsung
Samsung N7105 Galaxy Note II LTE,Samsung
Samsung N7105T Galaxy Note II LTE,Samsung
Samsung N750,Samsung
Samsung N7502,Samsung
Samsung N750K Galaxy Note 3 Neo LTE-A,Samsung
Samsung N8000 Galaxy Note 10.1,Samsung
Samsung N8020 Galaxy Note LTE 10.1,Samsung
Samsung N900 Galaxy Note 3,Samsung
Samsung N9002 Galaxy Note 3,Samsung
Samsung N9005 Galaxy Note 3,Samsung
Samsung N9006 Galaxy Note 3,Samsung
Samsung N9008 Galaxy Note 3,Samsung
Samsung N9009 Galaxy Note 3 CDMA,Samsung
Samsung N900A Galaxy Note 3,Samsung
Samsung N900D Galaxy Note 3,Samsung
Samsung N900L Galaxy Note 3,Samsung
Samsung N900S Galaxy Note 3,Samsung
Samsung N900T Galaxy Note 3,Samsung
Samsung N900W8 Galaxy Note 3,Samsung
Samsung N9109W,Samsung
Samsung N9158S,Samsung
Samsung N915A,Samsung
Samsung N915D Galaxy Note Edge SC-01G,Samsung
Samsung N915F,Samsung
Samsung N915G,Samsung
Samsung N915T Galaxy Note Edge,Samsung
Samsung OMNIA,Samsung
Samsung P1000 Galaxy Tab,Samsung
Samsung P3100 Galaxy Tab 2 7.0,Samsung
Samsung P5100 Galaxy Tab 2 10.1,Samsung
Samsung P5200 Galaxy Tab 3 10.1,Samsung
Samsung P601 Galaxy Note 10.1 2014 Edition,Samsung
Samsung P605 Galaxy Note 10.1 2014 Edition LTE,Samsung
Samsung P6200 Galaxy Tab 7.0 Plus,Samsung
Samsung P7300 Galaxy Tab 8.9,Samsung
Samsung P7500 Galaxy Tab 10.1,Samsung
Samsung P901 Galaxy Note Pro 12.2,Samsung
Samsung Piton DUOS,Samsung
Samsung S3332,Samsung
Samsung S3501C,Samsung
Samsung S3572 Ch@t 357 DUOS,Samsung
Samsung S3600i,Samsung
Samsung S3650 Corby,Samsung
Samsung S3653,Samsung
Samsung S3653W Corby WiFi,Samsung
Samsung S3802 Rex 70,Samsung
Samsung S3850 Corby II,Samsung
Samsung S5222 Star 3 Duos,Samsung
Samsung S5222R Rex 80,Samsung
Samsung S5233A,Samsung
Samsung S5233W Star,Samsung
Samsung S5253 Wave 525,Samsung
Samsung S5263 Star II,Samsung
Samsung S5280 Galaxy Star,Samsung
Samsung S5282 Galaxy Star,Samsung
Samsung S5300 Galaxy Pocket,Samsung
Samsung S5301,Samsung
Samsung S5301 Galaxy Pocket Plus,Samsung
Samsung S5302 Galaxy Pocket Duos,Samsung
Samsung S5303 Galaxy Y Plus,Samsung
Samsung S5310 Galaxy Pocket Neo,Samsung
Samsung S5310G Galaxy Pocket Neo,Samsung
Samsung S5310I Galaxy Pocket Neo,Samsung
Samsung S5333 Wave 533,Samsung
Samsung S5360,Samsung
Samsung S5360 Galaxy Y,Samsung
Samsung S5570 Galaxy Mini,Samsung
Samsung S5570I Galaxy Mini,Samsung
Samsung S5620 Monte,Samsung
Samsung S5660 Galaxy Gio,Samsung
Samsung S5670 Galaxy Fit,Samsung
Samsung S5830 Galaxy Ace,Samsung
Samsung S5830i Galaxy Ace,Samsung
Samsung S5830L Galaxy Ace,Samsung
Samsung S5830M Galaxy Ace,Samsung
Samsung S5839i Galaxy Ace,Samsung
Samsung S6012 Galaxy Y Duos,Samsung
Samsung S6102 Galaxy Y,Samsung
Samsung S6102 Galaxy Y Duos,Samsung
Samsung S6102B Galaxy Y Duos,Samsung
Samsung S6310 Galaxy Young,Samsung
Samsung S6310N Galaxy Young,Samsung
Samsung S6312 Galaxy Young Duos,Samsung
Samsung S6312 Galaxy Young DUOS,Samsung
Samsung S6500 Galaxy Mini 2,Samsung
Samsung S6500D Galaxy Mini 2,Samsung
Samsung S6790 Galaxy Fame Lite,Samsung
Samsung S6790N Galaxy Fame Lite,Samsung
Samsung S6802 Galaxy Ace Advance Dual SIM,Samsung
Samsung S6810 Galaxy Fame,Samsung
Samsung S6810P Galaxy Fame NFC,Samsung
Samsung S6812 Galaxy Fame,Samsung
Samsung S6812I Galaxy Fame,Samsung
Samsung S7233E,Samsung
Samsung S7262 Galaxy Star Plus DUOS,Samsung
Samsung S7262 Galaxy Star Pro DUOS,Samsung
Samsung S7270 Galaxy Ace 3,Samsung
Samsung S7272 Galaxy Ace 3 DUOS,Samsung
Samsung S7275B Galaxy Ace 3,Samsung
Samsung S7275R Galaxy Ace 3,Samsung
Samsung S7390 Galaxy Trend Lite,Samsung
Samsung S7392 Galaxy Trend DUOS,Samsung
Samsung S7500 Galaxy Ace Plus,Samsung
Samsung S7560 Galaxy Ace II X,Samsung
Samsung S7560M Galaxy Ace II X,Samsung
Samsung S7562 Galaxy S Duos,Samsung
Samsung S7562L Galaxy S Duos,Samsung
Samsung S7572 Galaxy Trend II DUOS,Samsung
Samsung S7580 Galaxy Trend Plus,Samsung
Samsung S7582 Galaxy S DUOS 2,Samsung
Samsung S7582 Galaxy Trend Plus,Samsung
Samsung S7582L Galaxy Trend Pro Dual,Samsung
Samsung S7583T,Samsung
Samsung S7710 Galaxy Xcover 2,Samsung
Samsung S8000 Jet,Samsung
Samsung S8530 Wave II,Samsung
Samsung S8600 Wave 3,Samsung
Samsung T111 Galaxy Tab 3 Lite,Samsung
Samsung T116,Samsung
Samsung T116NU,Samsung
Samsung T231,Samsung
Samsung T235,Samsung
Samsung T239,Samsung
Samsung T311 Galaxy Tab 3 8.0,Samsung
Samsung T325 Galaxy Tab Pro 8.4 LTE,Samsung
Samsung T331 Galaxy Tab 4 8.0,Samsung
Samsung T355,Samsung
Samsung T525 Galaxy Tab Pro 10.1 LTE,Samsung
Samsung T531,Samsung
Samsung T535 Galaxy Tab 4 10.1 LTE-A,Samsung
Samsung T599N Galaxy Exhibit,Samsung
Samsung T705,Samsung
Samsung T805,Samsung
Samsung T807A,Samsung
Samsung T889 Galaxy Note II,Samsung
Samsung T889V Galaxy Note 2,Samsung
Samsung T959,Samsung
Samsung T959V Galaxy S 4G,Samsung
Samsung T989 Galaxy S ll,Samsung
Samsung X640C,Samsung
"Sandstorm Technology Company A5, A6, A1, A6+, A3",Sandstorm
"Sandstorm Technology Company C37, C38, C39, C40, C41",Sandstorm
"Sandstorm Technology Company Elisa, Omega, Nancy, Pulse, Max",Sandstorm
"Sandstorm Technology Company G10, G20, G30",Sandstorm
"Sandstorm Technology Company GM200,GM201,GM202,GM203",Sandstorm
"Sandstorm Technology Company GM220,GM221,GM222,GM225",Sandstorm
"Sandstorm Technology Company mobitel001, mobitel002, mobitel003, mobitel004",Sandstorm
"Sandstorm Technology Company N4, N5, I500",Sandstorm
"Sandstorm Technology Company P1000,P2000,P3000",Sandstorm
Sandstorm Technology Company U-SKY U99 U88+ U86+ U168 U69 U169 U68+,Sandstorm
"Sandstorm Technology Company X6, X9, X10",Sandstorm
"Sandstorm Technology Company X8, X11, X22, X33, Z2",Sandstorm
SFR S302,SFR
SFR StarShine,SFR
SFR STARTRAIL II,SFR
Shanghai Feixun Communication C630Lw,Shanghai
Shanghai HuaQin Telecom Technology huaqin 831s,Shanghai
Sharp Yanhuo. F2,Sharp
Sharp ZTK P1108,Sharp
"Shenzhen Aolifeng Communication Technology E1090,E2030,E3010,E3660,E8080",Shenzhen
"Shenzhen Aolifeng Communication Technology E176,E270,E1010,E1050,E2020",Shenzhen
Shenzhen Aolifeng Communication Technology X10,Shenzhen
Shenzhen Coban Coban CB-900A,Shenzhen
Shenzhen Gaoxinqi Technology Mobile Communication Operation ET110,Shenzhen
Shenzhen KDI Communication D58,Shenzhen
Shenzhen Leaguer Telecom W838,Shenzhen
Shenzhen Malata I10,Shenzhen
Shenzhen Malata Malata I8,Shenzhen
Shenzhen Obbo DbbD XT270,Shenzhen
"Shenzhen OnePlus Science and Technology ONE A2003,ONE A2005",Shenzhen
Shenzhen OnePlus Science and Technology ONE E1001,Shenzhen
Shenzhen OnePlus Science and Technology ONE E1003,Shenzhen
Shenzhen OnePlus Science and Technology ONE E1005,Shenzhen
Shenzhen Plum Communications Equipment MR706,Shenzhen
Shenzhen Smartcell Communication Technology F29,Shenzhen
"Shenzhen Yifangmmunication Technology ASHA200,X330,X2-01,8520,9320",Shenzhen
Shenzhen Zowee Technology 7000Q,Shenzhen
Shenzhenban Electronics 302,Shenzhenban
Shenzhenshi Xingmashuma P1000,Shenzhenshi
Shenzhenshi Xingmashuma P2000,Shenzhenshi
Sico Technology SFB-1-17-01M,Sico
Sico Technology SSL1-35-2M,Sico
Sico Technology SSP-1-45-2M,Sico
Sico Technology SSR2-1-50-5M,Sico
Sico Technology ST3-Go-82-3G,Sico
Siemens CMR2020 LOGO!,Siemens
Siemens MC45,Siemens
Siemens MC55,Siemens
Siemens MC75,Siemens
Sierra Wireless AirCard 501,Sierra
Sierra Wireless AirCard 504,Sierra
Sierra Wireless AirCard 763S,Sierra
Sierra Wireless AirCard 875U,Sierra
Sierra Wireless AirCard 880,Sierra
Sierra Wireless AirPrime MC8805,Sierra
Sierra Wireless AirPrime Q2687,Sierra
Sierra Wireless AirPrime WISMO228,Sierra
Sierra Wireless EM7305,Sierra
Sierra Wireless HiLo V2 ingenico,Sierra
Sierra Wireless MC7710,Sierra
Sierra Wireless MC8790,Sierra
Sierra Wireless MC8795V,Sierra
Simcom 900R,Simcom
Simcom SIM300W,Simcom
Simcom SIM340,Simcom
Simcom SIM800H,Simcom
Simcom SIM840W,Simcom
Simcom SIM900,Simcom
Simcom SIM900B,Simcom
Simcom SIM900R,Simcom
Sony C1505 Xperia E,Sony
Sony C1605 Xperia E Dual,Sony
Sony C1905 Xperia M,Sony
Sony C2005 Xperia M Dual,Sony
Sony C2105 Xperia L,Sony
Sony C2305 Xperia C,Sony
Sony C5303 Xperia SP,Sony
Sony C5502 Xperia SP,Sony
Sony C6602 Xperia Z,Sony
Sony C6603 Xperia Z,Sony
Sony C6606 Xperia Z,Sony
Sony C6802 Xperia Z Ultra,Sony
Sony C6806 Xperia Z Ultra,Sony
Sony C6833 Xperia Z Ultra,Sony
Sony C6902 Xperia Z1,Sony
Sony C6903 Xperia Z1,Sony
Sony CMD-Z18,Sony
Sony D2005 Xperia E1,Sony
Sony D2105 Xperia E1 Dual,Sony
Sony D2212 Xperia E3 dual,Sony
Sony D2303 Xperia M2,Sony
Sony D2303 Xperia M2 dual,Sony
Sony D5303 Xperia T2 Ultra,Sony
Sony D5322 Xperia T2 Ultra dual,Sony
Sony D5503 Xperia Z1 Compact,Sony
Sony E5333 (TBC),Sony
Sony E5823 Xperia,Sony
Sony E6533 (TBC),Sony
Sony Ericsson C5621,Sony
Sony Ericsson CK13i txt,Sony
Sony Ericsson F2412m,Sony
Sony Ericsson F3507g,Sony
Sony Ericsson F3607gw,Sony
Sony Ericsson F5521gw,Sony
Sony Ericsson FWT G3x,Sony
Sony Ericsson H5321,Sony
Sony Ericsson J108i Cedar,Sony
Sony Ericsson K770i,Sony
Sony Ericsson LT15i Xperia Arc,Sony
Sony Ericsson LT18i Xperia arc S,Sony
Sony Ericsson LT22i Xperia P,Sony
Sony Ericsson LT26i Xperia S,Sony
Sony Ericsson LT26w Xperia Arco S,Sony
Sony Ericsson LT28h Xperia Ion,Sony
Sony Ericsson MK16i Xperia pro,Sony
Sony Ericsson MT11i Xperia neo V,Sony
Sony Ericsson MT15i Xperia neo,Sony
Sony Ericsson MT27i Xperia sola,Sony
Sony Ericsson P990i,Sony
Sony Ericsson ST15i Xperia Mini,Sony
Sony Ericsson ST17i Xperia active,Sony
Sony Ericsson ST18i Xperia ray,Sony
Sony Ericsson ST27i Xperia Advance,Sony
Sony Ericsson W995,Sony
Sony Ericsson WT19i Live with Walkman,Sony
Sony Ericsson Xperia X10,Sony
Sony Ericsson Xperia X10 Mini Pro,Sony
Sony Ericsson Xperia X8,Sony
Sony L39u Xperia Z1,Sony
Sony LT25i Xperia V,Sony
Sony LT26i Xperia S,Sony
Sony LT29i Xperia TX,Sony
Sony LT30p Xperia T,Sony
Sony MediaPad S10 LTE,Sony
Sony MT27i Xperia sola,Sony
Sony S39h Xperia C,Sony
"Sony S51h, D2212",Sony
Sony SGP321 Xperia Tablet Z,Sony
Sony ST21a2 Xperia Tipo Dual,Sony
Sony ST21i Tipo,Sony
Sony ST21i2 Xperia Tipo Dual,Sony
Sony ST23i Xperia Miro,Sony
Sony ST25i Xperia U,Sony
Sony ST26i Xperia J,Sony
Sony ST27i Xperia Go,Sony
Sony TBD,Sony
Sony Xperia A,Sony
Sony Xperia C3,Sony
Sony Xperia C3 dual,Sony
Sony Xperia C3 dual TD-LTE S55t,Sony
Sony Xperia C4,Sony
Sony Xperia C4 dual,Sony
Sony Xperia C5 Ultra Dual,Sony
Sony Xperia E1,Sony
Sony Xperia E3,Sony
Sony Xperia E3 dual,Sony
Sony Xperia E4g Dual,Sony
Sony Xperia M2,Sony
Sony Xperia M2 Aqua,Sony
Sony Xperia M2 dual,Sony
Sony Xperia M2 Dual,Sony
Sony Xperia M4 Aqua,Sony
Sony Xperia M4 Aqua Dual,Sony
Sony Xperia M5 Dual,Sony
Sony Xperia T2 Ultra,Sony
Sony Xperia T2 Ultra dual,Sony
Sony Xperia T3,Sony
Sony Xperia Z1 Compact,Sony
Sony Xperia Z2,Sony
Sony Xperia Z3,Sony
Sony Xperia Z3 Compact,Sony
Sony Xperia Z3 Dual,Sony
Sony Xperia Z3 Plus,Sony
Sony Xperia Z3 Tablet Compact,Sony
Sony Xperia Z3+,Sony
Sony Xperia Z4 Compact,Sony
Sony Xperia Z4 Ultra,Sony
Sony Xperia Z5 Dual,Sony
Souq.com FZ - TD7,Souq
Spectra Technologies CREON,Spectra
Star Edition STARSHINE III,Star
"Star Voice Mobile Phone Trading M718,M708,M734,M735,M737",Star
"Summer Moon General Trading (LLC) M3070, M3080, M3090, M3010",Summer
"Summer Moon General Trading (LLC) M6830, M5830, M6650, M3350",Summer
Sunup SPN266,Sunup
Symbol MC7599,Symbol
T&W WU160,T
"T-World Technology H1280,H1110,X202,H500,X699",T
"Tec Sync Electronics Trading PF73, QF73",Tec
"Tec Sync Electronics Trading PL73, QL73",Tec
Tec Sync Electronics Trading X4,Tec
Tec Sync Electronics Trading Xtouch MID,Tec
Techfaith Wireless Communication Technology M160,Techfaith
Techfaith Wireless Communication Technology Tecface G6,Techfaith
Techno BOOM J7,Techno
Techno H5,Techno
Techno H6,Techno
Techno H7,Techno
Techno L7,Techno
Techno M3,Techno
Techno M5,Techno
Techno M6,Techno
Techno M7,Techno
Techno N7,Techno
Techno P5,Techno
Techno Phantom PAD II,Techno
Techno Phantom Pad Mini,Techno
Techno R7,Techno
Techno T209,Techno
Techno T340,Techno
Techno T340S,Techno
Techno T342,Techno
Techno T345,Techno
Techno T363,Techno
Techno T420,Techno
Techno T430,Techno
Techno T463,Techno
Techno T470,Techno
Techno T605,Techno
Techno Y4,Techno
Tecno Telecom 7C,Tecno
Tecno Telecom 7CS,Tecno
Tecno Telecom C5,Tecno
Tecno Telecom C8,Tecno
Tecno Telecom D5,Tecno
Tecno Telecom F7,Tecno
Tecno Telecom IT1406,Tecno
Tecno Telecom it1701,Tecno
Tecno Telecom J5,Tecno
Tecno Telecom L5,Tecno
Tecno Telecom M3,Tecno
Tecno Telecom M5,Tecno
Tecno Telecom PHANTOM Z mini,Tecno
Tecno Telecom S3,Tecno
Tecno Telecom T347,Tecno
Tecno Telecom T410,Tecno
Tecno Telecom Y2,Tecno
Tecno Telecom Y3,Tecno
Tecno Telecom Y6,Tecno
Telego C5,Telego
Telit GC864-QUAD V2,Telit
Telit GE910,Telit
Telit UL865,Telit
Telitmmunications GE910-QUAD (also known as Telit GE910),Telitmmunications
Telitmmunications LN930,Telitmmunications
Teltonika GM1400,Teltonika
Teltonika TM1,Teltonika
Teltonika TM11Q,Teltonika
Test TEST IMEI,Test
Thaiway Informationmputer M1758,Thaiway
Top Guo Wei  LR009,Top
Topstrasse Global S521,Topstrasse
"TP-Link Technologies M5360,M5250",TP
TP-Link Technologies M7350,TP
TP-Link Technologies T881,TP
TP-Link Technologies TL-TR861,TP
TP-Link Technologies TP-LINK MA180,TP
TRiDent MB-T6800,TRiDent
Two Deal for E-Commerce Vision 1,Two
U-SKY X200,U
United Time Technology G26E,United
United Time Technology G50,United
UNREGISTERED  UNREGISTERED,UNREGISTERED
VeriFone Vx510,VeriFone
VeriFone Vx520,VeriFone
VeriFone Vx670,VeriFone
VeriFone VX675,VeriFone
VeriFone VX675 3G,VeriFone
VeriFone Vx680,VeriFone
Vertu Corporation Signature S Design,Vertu
Virtue HL-C3810,Virtue
"Vison International Technology C30i,C3,C3Plus,S20",Vison
"Vison International Technology M8,N1 mini,H5,9015",Vison
Vison International Technology XL-103Q,Vison
Vodafone 330FM,Vodafone
Vodafone 858 Smart,Vodafone
Vodafone 875 Smart Mini,Vodafone
Vodafone B970,Vodafone
Vodafone K3520,Vodafone
Vodafone K3565,Vodafone
Vodafone K3715,Vodafone
Vodafone K3765,Vodafone
Vodafone K4201,Vodafone
Vodafone K4201-Z,Vodafone
Vodafone K4203,Vodafone
Vodafone K4505,Vodafone
Vodafone K4605,Vodafone
Vodafone R201 Mobile Wi-Fi,Vodafone
Vodafone R205,Vodafone
Vodafone R206-Z,Vodafone
Vodafone R207,Vodafone
Vodafone R207-Z,Vodafone
Vodafone R209-Z,Vodafone
Vodafone Smart 4 Fun,Vodafone
Vodafone Smart II,Vodafone
Vodafone Smart Prime 6,Vodafone
Vodafone Smart Speed 6,Vodafone
Vodafone Smart Tab 3G,Vodafone
Vodafone Smart ultra 6,Vodafone
Vodafone Tab prime 6,Vodafone
Vodafone VF685 Smart 4 Fun,Vodafone
Voto VOTO P9000,Voto
Vsun Communication Technology Alpha,Vsun
Vsun Communication Technology CAPTURE,Vsun
Vsun Communication Technology DNA,Vsun
Vsun Communication Technology NOCAM,Vsun
"Vsun Communication Technology Smart, Click",Vsun
Vsun Communication Technology SOLO,Vsun
Wasam Technology (Shenzhen) TELEGO G902,Wasam
Wavecom Q24,Wavecom
WBC MO170,WBC
Wentto G-TIDE G225,Wentto
Wiko Bloom,Wiko
Wiko HIGHWAY,Wiko
Wiko HIGHWAY 4G,Wiko
Wiko LENNY,Wiko
Wiko LENNY2,Wiko
Wiko OZZY,Wiko
Wiko RAINBOW,Wiko
Wiko RIDGE 4G,Wiko
Wikos RAINBOW JAM,Wikos
Wor(l)d Global Network WP4,Wor
XHB SOP-i5,XHB
Xiaomi Communications 2014021,Xiaomi
Xiaomi Communications 2015617,Xiaomi
Xiaomi Communications Hongmi Note 4G,Xiaomi
Xiaomi Communications MI 2013021,Xiaomi
Xiaomi Communications Mi-3,Xiaomi
Xiaomi Communications Mi-4i,Xiaomi
Xiaomi Communications Redmi 1S,Xiaomi
Xiaomi Communications Redmi 2 Dual SIM,Xiaomi
"Xinchuangxin International C8, C9, C30, C40",Xinchuangxin
Xltel GT-i9850,Xltel
XTOUCH OCEAN2,XTOUCH
XTOUCH P-Phone,XTOUCH
XTOUCH X2,XTOUCH
Yestel E52,Yestel
"Yestel Technology (HK) International Q405, Q555, Q635, Q666",Yestel
yezz Andy 4.5M,yezz
yezz Andy 4E,yezz
Yota Phone 2,Yota
Yxtel G710,Yxtel
YXTEL X88,YXTEL
Zhangli Information Technology Vsun V3,Zhangli
ZTC Communications S308,ZTC
ZTE A361,ZTE
ZTE BLADE,ZTE
ZTE Blade G Lux,ZTE
ZTE Blade L2,ZTE
ZTE Blade S6 4G LTE,ZTE
ZTE Blade S6 Plus,ZTE
ZTE Infinity X2 mini,ZTE
ZTE MF100,ZTE
ZTE MF30,ZTE
ZTE MF91D,ZTE
ZTE Open II,ZTE
ZTE S218,ZTE
ZTE S291 Grand S II,ZTE
ZTE S519,ZTE
ZTE Skate,ZTE
ZTE V6510,ZTE
ZTE V790,ZTE
ZTE V791,ZTE
ZTE V795,ZTE
ZTE V8100,ZTE
ZTE V815W,ZTE
ZTE Z970,ZTE
"ZTE ZTE N939St,ZTE N939Sc,ZTE N939Su",ZTE
"ZTE ZTE Q503U,ZTE Kis Q,T795,Amazing A4C,ZTE Grand Memo lite",ZTE
"ZTE ZTE R259,ZTE R528",ZTE
"ZTE ZTE T30,ZTE T60,ZTE T220,ZTE Blade C342",ZTE
ZTE ZTE ZTE S521,ZTE
ZTS International A1,ZTS
ZTS International E31i,ZTS
"ZTS International E75,E79,V3,E76,E71",ZTS
"ZTS International E90,E70,E82",ZTS
ZTS International G TIDE G210,ZTS
ZTS International G Tide G701 M77,ZTS
"ZTS International G-TIDE E56, E59",ZTS
ZTS International G-TIDE E7,ZTS
ZTS International G-tide G-PAD3,ZTS
ZTS International G-tide S100,ZTS
"ZTS International G005,G115,G116,G269,",ZTS
"ZTS International G05,G08,D3",ZTS
"ZTS International G121,M55",ZTS
ZTS International G151,ZTS
"ZTS International G220,G117,G009",ZTS
"ZTS International G260,G270,M66",ZTS
ZTS International G269,ZTS
"ZTS International G711,G007",ZTS
"ZTS International M10,S8,G300",ZTS
"ZTS International P700+,P706,P709,P711,P7072+",ZTS
"ZTS International S3,Solar 5,Solar 5D",ZTS
ZTS International S5,ZTS
"ZTS International T1,T2",ZTS
ZTS International V1,ZTS
"ZTS International V5,A2",ZTS
ZTS International V7,ZTS
"ZTS International X1,D1,D2",ZTS
"ZTS International X2,C1",ZTS
